{"lr": [0.001, 0.001, 0.001, 0.001, 0.001, 0.001, 0.001, 0.001, 0.001, 0.001, 0.001, 0.001, 0.001, 0.001, 0.001, 0.001, 0.001, 0.001, 0.001, 0.001, 0.001, 0.001, 0.001, 0.001, 0.001, 0.001, 0.001, 0.001, 0.001, 0.001, 0.001, 0.001, 0.001, 0.001, 0.001, 0.001, 0.001, 0.001, 0.001, 0.001, 0.001, 0.001, 0.001, 0.001, 0.001, 0.001, 0.001, 0.001, 0.001, 0.001, 0.001, 0.001, 0.001, 0.001, 0.001, 0.001, 0.001, 0.001, 0.001, 0.001, 0.001, 0.001, 0.001, 0.001, 0.001, 0.001, 0.001, 0.001, 0.001, 0.001, 0.001, 0.001, 0.001, 0.001, 0.001, 0.001, 0.001, 0.001, 0.001, 0.001, 0.001, 0.001, 0.001, 0.001, 0.001, 0.001, 0.001, 0.001, 0.001, 0.001, 0.001, 0.001, 0.001, 0.001, 0.001, 0.001, 0.001, 0.001, 0.001, 0.001, 0.001, 0.001, 0.001, 0.001, 0.001, 0.001, 0.001, 0.001, 0.001, 0.001, 0.001, 0.001, 0.001, 0.001, 0.001, 0.001, 0.001, 0.001, 0.001, 0.001, 0.001, 0.001, 0.001, 0.001, 0.001, 0.001, 0.001, 0.001, 0.001, 0.001, 0.001, 0.001, 0.001, 0.001, 0.001, 0.001, 0.001, 0.001, 0.001, 0.001, 0.001, 0.001, 0.001, 0.001, 0.001, 0.001, 0.001, 0.001, 0.001, 0.001, 0.001, 0.001, 0.001, 0.001, 0.001, 0.001, 0.001, 0.001, 0.001, 0.001, 0.001, 0.001, 0.001, 0.001, 0.001, 0.001, 0.001, 0.001, 0.001, 0.001, 0.001, 0.001, 0.001, 0.001, 0.001, 0.001, 0.001, 0.001, 0.001, 0.001, 0.001, 0.001, 0.001, 0.001, 0.001, 0.001, 0.001, 0.001, 0.001, 0.001, 0.001, 0.001, 0.001, 0.001, 0.001, 0.001, 0.001, 0.001, 0.001, 0.001, 0.001, 0.001, 0.001, 0.001, 0.001, 0.001, 0.001, 0.001, 0.001, 0.001, 0.001, 0.001, 0.001, 0.001, 0.001, 0.001, 0.001, 0.001, 0.001, 0.001, 0.001, 0.001, 0.001, 0.001, 0.001, 0.001, 0.001, 0.001, 0.001, 0.001, 0.001, 0.001, 0.001, 0.001, 0.001, 0.001, 0.0007, 0.0007, 0.0007, 0.0007, 0.0007, 0.0007, 0.0007, 0.0007, 0.0007, 0.0007, 0.0007, 0.0007, 0.0007, 0.0007, 0.0007, 0.0007, 0.0007, 0.0007, 0.0007, 0.0007, 0.0007, 0.0007, 0.0007, 0.0007, 0.0007, 0.0007, 0.0007, 0.0007, 0.0007, 0.0007, 0.0007, 0.0007, 0.0007, 0.0007, 0.0007, 0.0007, 0.0007, 0.0007, 0.0007, 0.0007, 0.0007, 0.0007, 0.0007, 0.0007, 0.0007, 0.00049, 0.00049, 0.00049, 0.00049, 0.00049, 0.00049, 0.00049, 0.00049, 0.00049, 0.00049, 0.00049, 0.00049, 0.00049, 0.00049, 0.00049, 0.00049, 0.00049, 0.00049, 0.00049], "loss": [0.022267916189401826, 0.005977130979571685, 0.004439329604005433, 0.0039013187056790343, 0.00363853715261388, 0.0033971971748558024, 0.003190122257254905, 0.0031638214014645958, 0.0029957732352029, 0.002893290592451253, 0.0028059818039575662, 0.002803094116860025, 0.0027185091777811496, 0.0026839549366729455, 0.0026437206064286395, 0.00262302898857803, 0.002556222106442984, 0.0025752529652347763, 0.0025040423461020365, 0.0025078949014035365, 0.0025230017340756162, 0.002483929507056396, 0.0023993314988457587, 0.0024225585617717693, 0.002429430380572456, 0.0024399155472683443, 0.00237432077100694, 0.0024010407964162755, 0.0024045750572350183, 0.002342019009139808, 0.0023636508341707304, 0.002357546718729644, 0.0023415264526374024, 0.002305820711925666, 0.002364748663917079, 0.002260627431539996, 0.002301631296039418, 0.002290679836465304, 0.0022943372636866147, 0.0022540861681240782, 0.002282503609811621, 0.002256706843451996, 0.002238787369862062, 0.0022800932596770246, 0.0022581964472935686, 0.002236682786712084, 0.002245610203640334, 0.002273868754288399, 0.002221504910077972, 0.0022147083220332136, 0.002231550645849212, 0.002204405738280691, 0.0022174771983494972, 0.0022225801190925818, 0.002198578944042712, 0.0021788450041120605, 0.0021940986929487568, 0.0022156395052622163, 0.0021902254995037258, 0.002200970495370664, 0.0021889161302665757, 0.002192144324747015, 0.0021897275090263955, 0.0022014809386337025, 0.002175975094793276, 0.002232501392269878, 0.002176158556269151, 0.002155913514774535, 0.0021813879239582557, 0.0021774786006905204, 0.0021740161774486495, 0.002158703810754091, 0.0021589076379818026, 0.0021586974532680093, 0.0021662296510847824, 0.0021734983932168435, 0.002142807962781109, 0.002165732454348283, 0.002147273920870535, 0.0021421834429599007, 0.002154847296575705, 0.0021425215684903534, 0.0021432920101298286, 0.0021062837209344892, 0.002121345034837763, 0.002115277116750347, 0.002155471833531636, 0.0021440022673157497, 0.0021031455352783475, 0.0021224018950841803, 0.0021379669766381252, 0.002109514915503287, 0.002120484761264804, 0.002127130268049906, 0.002129753362019526, 0.0020974314410251555, 0.0021022651174450414, 0.0021087652697475844, 0.002106020760392867, 0.0020929372863636403, 0.0021169461522581967, 0.002100970885097513, 0.0020901868559543074, 0.002101062874998131, 0.0021066267868086646, 0.002112991368429316, 0.002092350034816271, 0.002084828491647248, 0.0020946879962910757, 0.0020733659296272348, 0.0020761187531021766, 0.0021009976424788855, 0.0020926162615384166, 0.002086003800073953, 0.002093285822372045, 0.0020847704841854106, 0.0020838497962260387, 0.0021006983467498673, 0.0020708737474588023, 0.0021014031833158685, 0.0020798122521905123, 0.002086401307371796, 0.002084596278231583, 0.002078552826386332, 0.002071270142007595, 0.002078086874564682, 0.002080899182363369, 0.0020782528409847255, 0.0020539727096256367, 0.0020539251417455817, 0.0020725992951719533, 0.0020699359609360414, 0.0020592485659592483, 0.0020737848680534954, 0.002054116781523806, 0.0020703245638476614, 0.0020789809839233545, 0.0020606489332989503, 0.0020576141336459053, 0.002070973251943247, 0.0020608758701019603, 0.0020626112988805278, 0.0020558711532422734, 0.0020616740701181885, 0.0020396230086932175, 0.002070417875389758, 0.002056278490327355, 0.002077165261582266, 0.0020625985880660547, 0.0020519980416911377, 0.0020689063997046207, 0.0020547742633858605, 0.0020520473239253965, 0.0020479713260444098, 0.002052405620552196, 0.002052444847602018, 0.0020479955287142234, 0.0020376631136614733, 0.002034173202796666, 0.002040182021083673, 0.0020523982013432606, 0.0020571751863992013, 0.002042522824150651, 0.0020392095779463875, 0.0020417062888472256, 0.0020457262696660008, 0.0020559477543980447, 0.0020161898038400443, 0.0020374977517443674, 0.002038658460631394, 0.0020437846116487792, 0.0020415899677663735, 0.0020403771670545285, 0.0020149972683395304, 0.002040178455423475, 0.002033982148244816, 0.002035229138901973, 0.002032276684946473, 0.002028502600753349, 0.002038639191879782, 0.0020375322696432325, 0.0020223491558315257, 0.0020347869518067834, 0.002040945364790263, 0.0020213182766123544, 0.0020228451383965357, 0.002033985128426658, 0.0020163958382972184, 0.0020295532943894563, 0.0020439428922637603, 0.00201032954435473, 0.0020380712699374884, 0.0020028587756527275, 0.0020360250233368168, 0.002026797346599416, 0.0020105415409394575, 0.002019942072255424, 0.002011720134949239, 0.00205050985410999, 0.0020200149003704567, 0.002026239464344715, 0.0020124059228692204, 0.0020323709308349195, 0.002023453362844481, 0.002008490840822773, 0.0020025822735145623, 0.002017411284044877, 0.0020095609618326674, 0.001998563623156608, 0.0020230374289162507, 0.002037537504427006, 0.0019994417861360025, 0.0020043780713229244, 0.0020204837991124286, 0.002022640222735961, 0.001975526335851785, 0.0020179408206806005, 0.0019982431466425104, 0.0020204750728769253, 0.002028838504187448, 0.0020099181215202204, 0.001996071959187547, 0.00201987450273639, 0.002016953403811531, 0.0019953166097110273, 0.0019982456877470837, 0.001986057288920531, 0.002009825916427643, 0.0020128445401465223, 0.0019916833409368267, 0.0020137183449847936, 0.0020013610891356773, 0.0019983739728960752, 0.0019970924836166153, 0.0020211557709023326, 0.0019864539157960046, 0.0020179593401660665, 0.001969437242522876, 0.001961712899453559, 0.001954445947396057, 0.0019555331607958005, 0.001954297935897565, 0.0019539316970748157, 0.0019459305678845033, 0.001958001874819664, 0.0019516813737850281, 0.0019550323903357036, 0.001959782561944451, 0.001959047584015336, 0.001961938151510158, 0.0019463725053922988, 0.0019402909905244536, 0.0019393122750707373, 0.0019493763701933804, 0.00196039645634773, 0.001959784291291537, 0.001945315242479898, 